اسم المنتج,السعر,رقم المنتج,رابط_الصورة
متجر خبير العطور Perfume Store عطور اصلية باأفضل الاسعار,0.0,,
الحسابات البنكية متجر خبير العطور,0.0,,
الأحكام والشروط متجر خبير العطور,0.0,,
هل عطوركم ومنتجاتكم أصلية متجر خبير العطور,0.0,,
إتصل بنا خدمة العملاء وطرق الإتصال بنا متجر خبير العطور,0.0,,
سياسة الإستبدال والإسترجاع متجر خبير العطور,0.0,,
سياسة الخصوصية متجر خبير العطور,0.0,,
معلومات الشحن ومدة التوصيل متجر خبير العطور,0.0,,
ما هي تسترات العطور متجر خبير العطور,0.0,,
ضرورة التأكد من العنوان والجوال قبل اتمام الطلب,0.0,,
عروض و خصومات Offers and discounts متجر خبير العطور,0.0,,
العناية الشخصية Cosmetics متجر خبير العطور,0.0,,
عطور نسائية Women Fragrances متجر خبير العطور,0.0,,
عطور رجالية Men Fragrances متجر خبير العطور,0.0,,
عينات العطور Perfume Samples متجر خبير العطور,0.0,,
أطقم العطور Gift Set متجر خبير العطور,0.0,,
تسترات العطور Tester Perfumes متجر خبير العطور,0.0,,
عطور الاطفال Kids Perfumes متجر خبير العطور,0.0,,
منتجات أقل من 149ريال متجر خبير العطور,0.0,,
معطرات الشعر Hair Mist متجر خبير العطور,0.0,,
عطور للجنسين Unisex متجر خبير العطور,0.0,,
بدائل العطور Perfume Alternatives متجر خبير العطور,0.0,,
اكسسوارات Accessories متجر خبير العطور,0.0,,
مزيلات العرق Deodorants متجر خبير العطور,0.0,,
مكياج Makeup متجر خبير العطور,0.0,,
تستر فالنتينو دونا روزا فيردي او دو تواليت 125مل (بدون غطاء) متجر خبير,310.5,,
عطر ازارو وانتد تونيك او دو تواليت 50مل,293.25,,
عطر جاك بوجارت سلفر سينت او دو تواليت 100مل متجر خبير العطور,128.8,,
عطر جاك بوجارت ون مان شو او دو تواليت 100مل متجر خبير العطور,101.2,,
عطر جاك بوجارت كلوب 75 او دو تواليت 100مل متجر خبير العطور,92.0,,
عطر جاك بوجارت ون مان شو قولد اديشن او دو تواليت 100مل متجر خبير العط,105.8,,
متجر خبير العطور  عطر سلفاتور فيرغامو اومو اوربان فيل او دو تواليت 10,212.75,,
عطر ميمو تاماريندو او دو بارفيوم 75مل خبير العطور,897.0,,
عطر غيرلان لي هوم ايديل اكستريم او دو بارفيوم 100مل خبير العطور,425.5,,
عطر بنهاليغونز تشانجنغ كونستانس او دو بارفيوم 75مل,1173.0,,
عطر نيشاني كاراجوز اكسترايت دو بارفيوم 50مل متجر خبير العطور,667.0,,
عطر دولتشي غابانا ذا ون النسائي او دو تواليت 50مل متجر خبير العطور,281.75,,
عطر ايف سان لوران ليبر انتنس او دو بارفيوم 90مل متجر خبير العطور,572.7,,
عطر ماورر & ويرتز كولونيا 4711 اوريجنال 800مل  سكب خبير العطور,322.0,,
عطر كارتير باشا بارفيوم 100مل متجر خبير العطور,419.75,,
عطر كوستوم ناشونال انتنس رد اديشن بارفيوم 100مل متجر خبير العطور,408.25,,
عطر ديور جادور ان جوي او دو تواليت 50مل متجر خبير العطور,253.0,,
معطر شعر اكوالينا بنك شوقر 100مل متجر خبير العطور,86.25,,
تستر بول سميث اكستريم النسائي او دو تواليت 100مل (بدون كرتون),113.85,,
عطر مرسيدس بنز سيليكت نايت او دو بارفيوم 100مل متجر خبير العطور,241.5,,
عطر جان لويس شرير ون لوف او دو بارفيوم 50مل متجر خبير العطور,132.25,,
عطر ديور جادور او دو تواليت 50مل خبير العطور,437.0,,
عطر جان لويس شرير Pop Delights 03 النسائي او دو تواليت 100مل متجر خبير,161.0,,
عطر جان لويس شرير Pop Delights 1 النسائي او دو تواليت 100مل متجر خبير,138.0,,
عطر شرير Pop Delights 02 النسائي او دو تواليت 100مل متجر خبير العطور,135.7,,
عطر انجل شليسر اورينتال ايديشن ll تواليت 50مل خبير العطور,189.75,,
عطر روبيرتو فرينو غولد النسائي او دو بارفيوم 90مل متجر خبير العطور,189.75,,
عطر دولتشي غابانا K او دو بارفيوم 100مل خبير العطور,345.0,,
عطر روشاس بزنس او دو بارفيوم 60مل متجر خبير العطور,120.75,,
عطر ماورر & ويرتز كولونيا 4711 اوريجنال 200مل سكب خبير العطور,184.0,,
عطر بنهاليغونز ياسميني او دو بارفيوم 75مل,1207.5,,
عطر اتيليه دي اورس روز اومياد او دو بارفيوم 100مل  متجر خبير العطور,655.5,,
عطر ابيركرومبي اند فيتش فيرست انستنكت النسائي او دو بارفيوم 100مل,184.0,,
عطر مونتال انتنس بيبر او دو بارفيوم  100مل متجر خبير العطور,368.0,,
عينة ديور هوم 2020 او دو تواليت 1مل متجر خبير العطور,10.35,,
Carolina-Herrera-212-VIP-Eau-de-Parfum-Sample-1-5-ml,6.9,,
Carolina-Herrera-VIP-212-Rose-Eau-de-Parfum-Sample-1-5-ml,6.9,,
عطر ناسوماتو تشاينا وايت اكسترايت دو بارفيوم 30مل متجر خبير العطور,563.5,,
عطر اديداس ارينا ايديشن او دو تواليت 100مل متجر خبير العطور,63.25,,
عطر نيشاني زيني اكسترايت دو بارفيوم 50مل متجر خبير العطور,667.0,,
عطر اليزابيث اردن جرين تي Fig او دو تواليت 100مل,75.0,,
عطر ديور عود اصفهان او دو بارفيوم 100مل متجر خبير العطور,1552.5,,
عطر اتيليه دي اورس اوبي روبيس  او دو بارفيوم 100مل  متجر خبير العطور,885.5,,
عطر ازارو وانتد غيرل او دو بارفيوم 50مل,253.0,,
عطر الكسندر جيه ذا كوليكتور Altesse Mysore او دو بارفيوم 100مل,368.0,,
عطر تروساردي دونا  Levriero Collection انتنس او دو بارفيوم 100مل متجر,368.0,,
عطر كارولينا هيريرا 212 VIP بارتي فيفر ليميتد ايديشن بارفيوم 80مل,419.75,,
عطر اجنر برايفيت نمبر الرجالي او دو تواليت 100مل متجر خبير العطور,201.25,,
عطر تومي هيلفيجر الرجالي او دو تواليت 50مل,149.5,,
عطر بنانا ريبابليك كوردوفان او دو تواليت 100مل خبير العطور,138.0,,
عطر لانكوم Oud Bouquet او دو بارفيوم 100مل متجر خبير العطور,954.5,,
عطر رالف لورين بيغ بوني الازرق الرجالي رقم 1 او دو تواليت 75مل متجر خب,224.25,,
عطر ابيركرومبي اند فيتش اوثينتيك النسائي او دو بارفيوم 100مل متجر خبير,178.25,,
عطر قوتشي بلوم امبروسيا دي فيوري او دو بارفيوم انتنس 50مل متجر خبير ال,339.25,,
عطر مارلي اكاستر او دو بارفيوم 125مل متجر خبير العطور,920.0,,
عطر كريد افينتوس كوليجن الرجالي او دو بارفيوم 100مل متجر خبير العطور,1357.0,,
عطر اكوا دي بارما كولونيا انتنسا امبرا كونسنتري او دو كوليجن 100مل,747.5,,
تستر كريد الابيض سيلفر ماونتين ووتر 100مل (بدون غطاء) متجر خبير العطور,805.0,,
عطر كريد اوريجينال فيتيفير او دو بارفيوم 100مل متجر خبير العطور,1265.0,,
عطر اوسكار دي لارنتا سو دي لا رنتا او دو تواليت 100مل,178.25,,
عطر دافيدوف كول ووتر الرجالي او دو تواليت 200مل متجر خبير العطور,207.0,,
عطر بوشرون النسائي او دو بارفيوم 50مل,166.75,,
عطر لابيرلا ديفينا قولد اديشن او دو تواليت 80مل متجر خبير العطور,112.7,,
عطر باكو رابان ون مليون الرجالي بارفيوم 50مل متجر خبير العطور,299.0,,
عطر باسكال مورابيتو Aimer او دو بارفيوم 100مل متجر خبير العطور,109.25,,
عطر نيكولاي روز عود او دو بارفيوم 100مل متجر خبير العطور,586.5,,
عطر بربري ماي بربري ليميتد إيديشن او دو بارفيوم 50مل,250.7,,
عطر هيرمس الكسير دو مارفيلز او دو بارفيوم 100مل متجر خبير العطور,517.5,,
عطر كوتش نيويورك فلورال بلش او دو بارفيوم 90مل متجر خبير العطور,230.0,,
مزيل عرق نيفيا بيرل بيوتي 150مل بخاخ متجر خبير العطور,28.75,,
عطر نيكولاي عنبر كاشميري انتنس او دو بارفيوم 100مل متجر خبير العطور,575.0,,
عطر اورتو باريسي تيروني بارفيوم 50مل متجر خبير العطور,690.0,,
عطر تيزيانا تيرينزي كسيوبيا اكسترايت دو بارفيوم 100مل متجر خبير العطور,770.5,,
عطر اتيليه دي اورس لون فيلين او دو بارفيوم 100مل متجر خبير العطور,598.0,,
عطر مونتال اوركيد باودر او دو بارفيوم 100مل متجر خبير العطور,241.5,,
