اسم المنتج,السعر,رقم المنتج,رابط_الصورة
عطر فيري او دي بارفيوم - 100 مل,139.0,,https://cdn.salla.sa/eojZp/PSxpwqN9fAlrcXoaKWrvg5ZKrZJzyXnHNLSKVqm7.png
عطر فيري او دي بارفيوم - 100 مل,139.0,,https://cdn.salla.sa/eojZp/PSxpwqN9fAlrcXoaKWrvg5ZKrZJzyXnHNLSKVqm7.png
بلاتنيوم اكستريم,160.0,,https://cdn.salla.sa/eojZp/XzDsWb0MawYZGKailUkQNHPayaFnprQcsX8cGcAt.png
بلاتنيوم اكستريم,160.0,,https://cdn.salla.sa/eojZp/XzDsWb0MawYZGKailUkQNHPayaFnprQcsX8cGcAt.png
عطر اورسلا كوربيرو سكسي  100مل  - اودي بارفيوم,99.0,,https://cdn.salla.sa/eojZp/mCbXAhs3Nz0EG7IuRBXjIOE87Z2lDE5wfGisP1nA.png
عطر اورسلا كوربيرو سكسي  100مل  - اودي بارفيوم,99.0,,https://cdn.salla.sa/eojZp/mCbXAhs3Nz0EG7IuRBXjIOE87Z2lDE5wfGisP1nA.png
مونت كارلو - 100مل - اودي بارفيوم,135.0,,https://cdn.salla.sa/eojZp/fLkZNejBn2ON1BbetW0J4R27ZC9fOBPwPbv67tAP.jpg
مونت كارلو - 100مل - اودي بارفيوم,135.0,,https://cdn.salla.sa/eojZp/fLkZNejBn2ON1BbetW0J4R27ZC9fOBPwPbv67tAP.jpg
عطر بيوتي اسنس,159.0,,https://cdn.salla.sa/eojZp/uuzmaJKoCKYuOyIv9obDLijZ8EfDcYbzO5BiMtYh.png
عطر فور ايفر,159.0,,https://cdn.salla.sa/eojZp/7mNdLdXqXeZh8Fax3W6iOw2WJIUZTuHmzbGCmKWa.png
عطر فور ايفر,159.0,,https://cdn.salla.sa/eojZp/7mNdLdXqXeZh8Fax3W6iOw2WJIUZTuHmzbGCmKWa.png
عطر بيوتي اسنس,159.0,,https://cdn.salla.sa/eojZp/uuzmaJKoCKYuOyIv9obDLijZ8EfDcYbzO5BiMtYh.png
عطر انيستازيا,159.0,,https://cdn.salla.sa/eojZp/p7Sv6rBK2ddVsYD5bPhFdRzLKdeHZFt7f0iTTGRZ.png
عطر اكواء دي باريس الزهري,159.0,,https://cdn.salla.sa/eojZp/eO3DAwN7MBmACu9qJZJjaziLGATMrNSVX6wYNhlb.png
عطر انيستازيا,159.0,,https://cdn.salla.sa/eojZp/p7Sv6rBK2ddVsYD5bPhFdRzLKdeHZFt7f0iTTGRZ.png
عطر اكواء دي باريس الزهري,159.0,,https://cdn.salla.sa/eojZp/eO3DAwN7MBmACu9qJZJjaziLGATMrNSVX6wYNhlb.png
عطر سبايس بامب,159.0,,https://cdn.salla.sa/eojZp/f50a7dfb-67ce-4061-aae1-2eefa06663bf-1000x1000-dPMaKMbDagzEYlRAUeM2KQUynI3lSNGsn2NECZ2n.png
عطر سبايس بامب,159.0,,https://cdn.salla.sa/eojZp/f50a7dfb-67ce-4061-aae1-2eefa06663bf-1000x1000-dPMaKMbDagzEYlRAUeM2KQUynI3lSNGsn2NECZ2n.png
عطر هوم انتنس,159.0,,https://cdn.salla.sa/eojZp/237e17f9-afcc-47fd-a141-cbce28bd7c3e-1000x1000-wvTy1JzkMebdlKrD0bAPbfW0iyoXgDpIfU8Dqh4L.png
عطر هوم انتنس,159.0,,https://cdn.salla.sa/eojZp/237e17f9-afcc-47fd-a141-cbce28bd7c3e-1000x1000-wvTy1JzkMebdlKrD0bAPbfW0iyoXgDpIfU8Dqh4L.png
عطر وايلد ليذر باريس,159.0,,https://cdn.salla.sa/eojZp/9939721a-f010-4744-b48d-74703b9cec2b-1000x1000-yaYe0NfcHermJzXuzWzaMqT5SgqeW5kwENHVXT3E.png
عطر وايلد ليذر باريس,159.0,,https://cdn.salla.sa/eojZp/9939721a-f010-4744-b48d-74703b9cec2b-1000x1000-yaYe0NfcHermJzXuzWzaMqT5SgqeW5kwENHVXT3E.png
عطر سنتال بلانك,159.0,,https://cdn.salla.sa/eojZp/4274a509-96bf-4695-9ee1-eaeb4bb8f418-1000x1000-eg2yBm5joGJDRLN4bCzz52LF3Uuq8YFhKYbqRK8K.png
عطر سنتال بلانك,159.0,,https://cdn.salla.sa/eojZp/4274a509-96bf-4695-9ee1-eaeb4bb8f418-1000x1000-eg2yBm5joGJDRLN4bCzz52LF3Uuq8YFhKYbqRK8K.png
عطر اوبس VI,159.0,,https://cdn.salla.sa/eojZp/rBbad3pc0ZIFi0pXhmkHNUuUTmODzVrEonB0B5A8.png
عطر اوبس VI,159.0,,https://cdn.salla.sa/eojZp/rBbad3pc0ZIFi0pXhmkHNUuUTmODzVrEonB0B5A8.png
عطر ايدول بيوتي,159.0,,https://cdn.salla.sa/eojZp/a81b0e0d-dc17-4d60-ac7e-62de4f553aa0-1000x1000-nqwYIqmcltnrPUgIEfjvV6pdf4z0bZtFQDoHVh5V.png
عطر ايدول بيوتي,159.0,,https://cdn.salla.sa/eojZp/a81b0e0d-dc17-4d60-ac7e-62de4f553aa0-1000x1000-nqwYIqmcltnrPUgIEfjvV6pdf4z0bZtFQDoHVh5V.png
عطر كادريت بويس,159.0,,https://cdn.salla.sa/eojZp/c5221345-64f0-4877-9c5b-acddee95cfa3-1000x1000-USRU5lsHm6QYBUMdKtRUDLIi7kHJKK7IWbViCpxL.png
عطر روز اسنس,159.0,,https://cdn.salla.sa/eojZp/f827e39b-633f-4ebf-9038-828010b12542-1000x1000-f7kzFRnF1BZLHSEnf5sPQDPstxyDlbGHGgvJ3uY6.png
عطر روز اسنس,159.0,,https://cdn.salla.sa/eojZp/f827e39b-633f-4ebf-9038-828010b12542-1000x1000-f7kzFRnF1BZLHSEnf5sPQDPstxyDlbGHGgvJ3uY6.png
عطر كادريت بويس,159.0,,https://cdn.salla.sa/eojZp/c5221345-64f0-4877-9c5b-acddee95cfa3-1000x1000-USRU5lsHm6QYBUMdKtRUDLIi7kHJKK7IWbViCpxL.png
عطر ايروس بلو,159.0,,https://cdn.salla.sa/eojZp/jUnmWyK44YU6xUoxEJfcId4g6cjGPexy92iTc4No.png
عطر لازولي,159.0,,https://cdn.salla.sa/eojZp/c1e0a0df-de91-4296-8538-baaa8c620883-1000x1000-G4CR7pHtr3xDVyM5DNRR2uyWC2VFNFV1gQ18vCeT.png
عطر ايروس بلو,159.0,,https://cdn.salla.sa/eojZp/jUnmWyK44YU6xUoxEJfcId4g6cjGPexy92iTc4No.png
عطر لازولي,159.0,,https://cdn.salla.sa/eojZp/c1e0a0df-de91-4296-8538-baaa8c620883-1000x1000-G4CR7pHtr3xDVyM5DNRR2uyWC2VFNFV1gQ18vCeT.png
عطر روز فينتا,159.0,,https://cdn.salla.sa/eojZp/OJyBammqqB44pDYNA7CF4vglp0mflwImN70yMKxK.png
عطر روز فينتا,159.0,,https://cdn.salla.sa/eojZp/OJyBammqqB44pDYNA7CF4vglp0mflwImN70yMKxK.png
عطر عود توباكو,159.0,,https://cdn.salla.sa/eojZp/hzPLXL0bVYrbiqDZ2PfX3zUSW1Q0CsT4QDzJtuki.png
عطر بوتيقا امبريسا,159.0,,https://cdn.salla.sa/eojZp/PRlIWyCE7WKTqG0SvRcwPpahKmhpc3ad6RhPLYxp.png
عطر اوبس XI,159.0,,https://cdn.salla.sa/eojZp/437568bf-0c5e-4fa9-b0a6-d32b154759ba-1000x1000-BPKiYIxeETjXhM4S76UK7FfjpG3W3XlCxfgP7dIU.png
عطر بوتيقا امبريسا,159.0,,https://cdn.salla.sa/eojZp/PRlIWyCE7WKTqG0SvRcwPpahKmhpc3ad6RhPLYxp.png
عطر عود توباكو,159.0,,https://cdn.salla.sa/eojZp/hzPLXL0bVYrbiqDZ2PfX3zUSW1Q0CsT4QDzJtuki.png
عطر اوبس XI,159.0,,https://cdn.salla.sa/eojZp/437568bf-0c5e-4fa9-b0a6-d32b154759ba-1000x1000-BPKiYIxeETjXhM4S76UK7FfjpG3W3XlCxfgP7dIU.png
عطر اوبس  VII,159.0,,https://cdn.salla.sa/eojZp/7aa6739d-c606-4a1c-91a6-89f3d8d3546d-1000x1000-Zew5GBPR541d5GxaGTkRwjU3QzNbus17y4Dcr74v.png
عطر اوبس  VII,159.0,,https://cdn.salla.sa/eojZp/7aa6739d-c606-4a1c-91a6-89f3d8d3546d-1000x1000-Zew5GBPR541d5GxaGTkRwjU3QzNbus17y4Dcr74v.png
عطر بلوم بيوتي,159.0,,https://cdn.salla.sa/eojZp/36ca2423-0428-441f-86f7-dabcb7976058-1000x1000-wY1iOTrmDcEST9XafVdvk6J69iCBJ9RzN8Xv2FMT.png
عطر مجامير,159.0,,https://cdn.salla.sa/eojZp/4c93b106-fd17-4979-abd4-d54d34008d49-1000x1000-PWECRgLDW0n6YddsLeDf6Kmm2u07jShgulKSTYKh.png
عطر بلوم بيوتي,159.0,,https://cdn.salla.sa/eojZp/36ca2423-0428-441f-86f7-dabcb7976058-1000x1000-wY1iOTrmDcEST9XafVdvk6J69iCBJ9RzN8Xv2FMT.png
عطر بيور توباكو,159.0,,https://cdn.salla.sa/eojZp/ApfE3MouwfSle1wj7TYLsaoAVh24Qi2AvvE0jhml.png
عطر مجامير,159.0,,https://cdn.salla.sa/eojZp/4c93b106-fd17-4979-abd4-d54d34008d49-1000x1000-PWECRgLDW0n6YddsLeDf6Kmm2u07jShgulKSTYKh.png
عطر بيور توباكو,159.0,,https://cdn.salla.sa/eojZp/ApfE3MouwfSle1wj7TYLsaoAVh24Qi2AvvE0jhml.png
عطر تستر ازاران او دي بارفيوم 60مل,159.0,,https://cdn.salla.sa/eojZp/5fdd775a-b2bb-4a7f-9334-293aef8e6748-1000x1000-xW91r8XF2gBTuZv8nuiFucKTDcaLiZG5frXKDsfj.png
عطر تستر ازاران او دي بارفيوم 60مل,159.0,,https://cdn.salla.sa/eojZp/5fdd775a-b2bb-4a7f-9334-293aef8e6748-1000x1000-xW91r8XF2gBTuZv8nuiFucKTDcaLiZG5frXKDsfj.png
عطر Vفكتوريا,159.0,,https://cdn.salla.sa/eojZp/9srIrglbFtrHevXJhVnABAIEjMIWGAuD7fPH1pdj.png
عطر Vفكتوريا,159.0,,https://cdn.salla.sa/eojZp/9srIrglbFtrHevXJhVnABAIEjMIWGAuD7fPH1pdj.png
تروزاردي انتنس,139.0,,https://cdn.salla.sa/eojZp/qdB0QhUkJM7XCan6hiSqJ6X4PvtEvd5S4TEJu18b.png
تروزاردي انتنس,139.0,,https://cdn.salla.sa/eojZp/qdB0QhUkJM7XCan6hiSqJ6X4PvtEvd5S4TEJu18b.png
عطر بيبي مسك,70.0,,https://cdn.salla.sa/eojZp/IizUVqCleoyNsBZbcyd2bdf6K9hBOTmHmrcM1CAK.png
عطر بيبي مسك,70.0,,https://cdn.salla.sa/eojZp/IizUVqCleoyNsBZbcyd2bdf6K9hBOTmHmrcM1CAK.png
عطر بيبي باودر,70.0,,https://cdn.salla.sa/eojZp/19t07YFQE661uJWIZFKbPSlkqP4eC3bzMWYfQ3EC.png
عطر بيبي باودر,70.0,,https://cdn.salla.sa/eojZp/19t07YFQE661uJWIZFKbPSlkqP4eC3bzMWYfQ3EC.png
عطر بيبي شيري,70.0,,https://cdn.salla.sa/eojZp/X93sM8KjHB1PeFNHG4cS32YWL5RI6b1JtoVaumTe.png
عطر بيبي شيري,70.0,,https://cdn.salla.sa/eojZp/X93sM8KjHB1PeFNHG4cS32YWL5RI6b1JtoVaumTe.png
عطر بيبي بينك سوجا,55.0,,https://cdn.salla.sa/eojZp/IXLQ50gFqQjadqUphTT4X6aVN0Nlp2MO1NBnJ7JK.png
عطر بيبي روز جيرل,55.0,,https://cdn.salla.sa/eojZp/8FxrEH7pfIL0epfl2ldlTQ1OPwxqJn01rfUeb8ZO.png
عطر بيبي بينك سوجا,55.0,,https://cdn.salla.sa/eojZp/IXLQ50gFqQjadqUphTT4X6aVN0Nlp2MO1NBnJ7JK.png
عطر بيبي روز جيرل,55.0,,https://cdn.salla.sa/eojZp/8FxrEH7pfIL0epfl2ldlTQ1OPwxqJn01rfUeb8ZO.png
عطر انجلو كارولي,159.0,,https://cdn.salla.sa/eojZp/uyntos2vpxXOMImFrngedwc7VS4H2NFWjlKrWiPx.png
عطر انجلو كارولي,159.0,,https://cdn.salla.sa/eojZp/4lDgEAz3XS7XBn5p0cvRDfdPUPC4aRfTPD8oeDLd.png
عطر انجلو كارولي,159.0,,https://cdn.salla.sa/eojZp/uyntos2vpxXOMImFrngedwc7VS4H2NFWjlKrWiPx.png
عطر انجلو كارولي,159.0,,https://cdn.salla.sa/eojZp/4lDgEAz3XS7XBn5p0cvRDfdPUPC4aRfTPD8oeDLd.png
عطر كلايف فانتاج 1966,159.0,,https://cdn.salla.sa/eojZp/cnFhDAsJC73zz1JW4DeNCEHqgneTLuUzqvoZTb0j.png
عطر كلايف فانتاج 1966,159.0,,https://cdn.salla.sa/eojZp/cnFhDAsJC73zz1JW4DeNCEHqgneTLuUzqvoZTb0j.png
عطر نوت دور 1968,169.0,,https://cdn.salla.sa/eojZp/MoDFFDVWWBvNmQiPjxKFE8OAnIK45u9nmziQi58c.png
عطر نوت دور 1968,169.0,,https://cdn.salla.sa/eojZp/MoDFFDVWWBvNmQiPjxKFE8OAnIK45u9nmziQi58c.png
عطر جوليت 1993,159.0,,https://cdn.salla.sa/eojZp/aUg3UqTKz0A4eH4EcJ2o7uoJN9zY9jPAbCPcxvCi.png
عطر جوليت 1993,159.0,,https://cdn.salla.sa/eojZp/aUg3UqTKz0A4eH4EcJ2o7uoJN9zY9jPAbCPcxvCi.png
عطر تيفاني انتنس,159.0,,https://cdn.salla.sa/eojZp/TlEB72hisRsx5GivKGGIUakAey6gpIabUUy3MO4X.png
عطر تيفاني انتنس,159.0,,https://cdn.salla.sa/eojZp/TlEB72hisRsx5GivKGGIUakAey6gpIabUUy3MO4X.png
عطر تيفاني نايت,159.0,,https://cdn.salla.sa/eojZp/nVRTfnvFiTK5vXRPbg9dHej5lbZXxpAK0DliKrFa.png
بلاتنيوم انتنس,159.0,,https://cdn.salla.sa/eojZp/d2c8b878-0140-4ceb-b9ea-7177c77b9b56-1000x1000-vnLLu9S3YCawqcDg4rooPaHcyhdWZT699Rf3EaxE.png
بلاتنيوم انتنس,159.0,,https://cdn.salla.sa/eojZp/d2c8b878-0140-4ceb-b9ea-7177c77b9b56-1000x1000-vnLLu9S3YCawqcDg4rooPaHcyhdWZT699Rf3EaxE.png
عطر تيفاني نايت,159.0,,https://cdn.salla.sa/eojZp/nVRTfnvFiTK5vXRPbg9dHej5lbZXxpAK0DliKrFa.png
عطر ازوري,159.0,,https://cdn.salla.sa/eojZp/e7f28140-2520-446f-b8d4-97db8997b70e-1000x1000-WFJGgG70bw9DPEnLWq1x9HLuAcibNdYGgpGr70X8.png
عطر ازوري,159.0,,https://cdn.salla.sa/eojZp/e7f28140-2520-446f-b8d4-97db8997b70e-1000x1000-WFJGgG70bw9DPEnLWq1x9HLuAcibNdYGgpGr70X8.png
عطر ايفرس,159.0,,https://cdn.salla.sa/eojZp/ac46c9d3-9932-436c-89ec-dec28ff18498-1000x1000-XJpW1yOEVCVqOtUUHXRqWKkMZwN64a2igrGil5XH.png
عطر كيليان فيرت,159.0,,https://cdn.salla.sa/eojZp/eF55h4cXCdbveUqU3ljDjbyJW4u2wxnxY6SwsMgn.png
عطر ايفرس,159.0,,https://cdn.salla.sa/eojZp/ac46c9d3-9932-436c-89ec-dec28ff18498-1000x1000-XJpW1yOEVCVqOtUUHXRqWKkMZwN64a2igrGil5XH.png
عطر كيليان فيرت,159.0,,https://cdn.salla.sa/eojZp/eF55h4cXCdbveUqU3ljDjbyJW4u2wxnxY6SwsMgn.png
عطر كيليان قابريل,159.0,,https://cdn.salla.sa/eojZp/fcda5a4c-da5b-4319-aca9-dd67477d321e-1000x1000-pRuU25di3u9IpB5fevz9ukmCbcqoUSUtCgzyRCzx.png
عطر كيليان تندر,159.0,,https://cdn.salla.sa/eojZp/27396daa-a9a9-4474-b947-57da68811697-1000x1000-jvx9EuirfCdmnXtIydRrm7OFmeVGapwnl3x5IVBG.png
عطر كيليان قابريل,159.0,,https://cdn.salla.sa/eojZp/fcda5a4c-da5b-4319-aca9-dd67477d321e-1000x1000-pRuU25di3u9IpB5fevz9ukmCbcqoUSUtCgzyRCzx.png
عطر كيليان بودي,159.0,,https://cdn.salla.sa/eojZp/f95badc4-f51a-4aeb-b83f-8e2f2c5e6f4c-1000x1000-laXfoeaL8cXp2vxzULnOobcinrEi6ZYAUql0BXsm.png
عطر كيليان تندر,159.0,,https://cdn.salla.sa/eojZp/27396daa-a9a9-4474-b947-57da68811697-1000x1000-jvx9EuirfCdmnXtIydRrm7OFmeVGapwnl3x5IVBG.png
عطر كيليان بودي,159.0,,https://cdn.salla.sa/eojZp/f95badc4-f51a-4aeb-b83f-8e2f2c5e6f4c-1000x1000-laXfoeaL8cXp2vxzULnOobcinrEi6ZYAUql0BXsm.png
توباكو,159.0,,https://cdn.salla.sa/eojZp/XIaTcbfcqANuHYsMWYGXHSk5Ir2Uu1arz4O8NFW3.png
توباكو,159.0,,https://cdn.salla.sa/eojZp/XIaTcbfcqANuHYsMWYGXHSk5Ir2Uu1arz4O8NFW3.png
عطر سنتال Santal carmin,159.0,,https://cdn.salla.sa/eojZp/wKtb3AvIH2ukBXzOAACkOBXnhRAz5qpWEfvdJVwA.png
عطر سنتال Santal carmin,159.0,,https://cdn.salla.sa/eojZp/wKtb3AvIH2ukBXzOAACkOBXnhRAz5qpWEfvdJVwA.png
